[
  {
    "id": "1fxkjwc",
    "title": "Lady misses Justin Timberlake singing to her while she’s texting ",
    "score": 24566
  },
  {
    "id": "1fx4skw",
    "title": "Is this the ideal shape for a woman for the male gaze?",
    "score": 19133
  },
  {
    "id": "1fxfc6h",
    "title": "SIL asked me to bring a cake for dessert, someone else made crème brûlées so no one ate my cake  ",
    "score": 20862
  },
  {
    "id": "1fxhvr0",
    "title": "Keanu Reeves placed 25th out of 35 in his professional racing debut at the Toyota GR Cup",
    "score": 30977
  },
  {
    "id": "1fxgcvr",
    "title": "Match Thread: India vs Bangladesh, 1st T20I",
    "score": 605
  },
  {
    "id": "1fxe4ek",
    "title": "Don't mess with people's food",
    "score": 35606
  },
  {
    "id": "1fxgmoe",
    "title": "‘The Addams Family’ cast reunite in 2024",
    "score": 32325
  },
  {
    "id": "1fxhohv",
    "title": "Inside the city in Michigan that made hanging the gay pride flag illegal",
    "score": 4709
  },
  {
    "id": "1fxgodo",
    "title": "Felony charges under review in Clark County against Donald Trump and JD Vance",
    "score": 19478
  },
  {
    "id": "1fxgp40",
    "title": "Can’t even wear a long sleeve in this mufuka lol",
    "score": 18472
  },
  {
    "id": "1fxgfy6",
    "title": "Sage advice",
    "score": 18235
  },
  {
    "id": "1fxfq6p",
    "title": "Did they really think that answer was a good one?",
    "score": 34773
  },
  {
    "id": "1fxg04k",
    "title": "NASA released clearest view of surface of Mars!!!",
    "score": 21685
  },
  {
    "id": "1fxf0f8",
    "title": "I can't help but feel that Elon Musk lied to all of us",
    "score": 32502
  },
  {
    "id": "1fx97k1",
    "title": "This diver entering an underwater cave",
    "score": 10398
  },
  {
    "id": "1fx49iu",
    "title": "From Genius Disrupting Many Industries To Trump’s Dancing Monkey - Most Tragic Fall I’ve Ever Seen",
    "score": 21488
  },
  {
    "id": "1fx8tzr",
    "title": "NASA just released the clearest view of Mars ever. (sound of Mars)",
    "score": 31146
  },
  {
    "id": "1fxgmd2",
    "title": "Bilibili Gaming vs. T1 / 2024 World Championship - Swiss Round 3 / Post-Match Discussion",
    "score": 3250
  },
  {
    "id": "1fxiaqd",
    "title": "AITA for refusing to cover my coworker’s shifts after she called me lazy for not having kids?",
    "score": 4822
  },
  {
    "id": "1fxf99c",
    "title": "1940’s contraption for infant leg muscle development.",
    "score": 33610
  },
  {
    "id": "1fxgfi8",
    "title": "In the movie “We Live In Time” (2024) We are reminded that actors are fucking weirdos",
    "score": 20123
  },
  {
    "id": "1fxfdzr",
    "title": "He's been waiting for this moment all his life.",
    "score": 43751
  },
  {
    "id": "1fxbx3x",
    "title": "Investigator Links Diddy to Tupac’s Murder",
    "score": 19182
  },
  {
    "id": "1fxdyti",
    "title": "I gave my friend pity sex. It backfired",
    "score": 3114
  },
  {
    "id": "1fxcc3f",
    "title": "Kamala Harris To Make First Late Night Appearance As Presidential Nominee This Tuesday on ‘The Late Show With Stephen Colbert’",
    "score": 10113
  }
]